category,question
education,What are the best study techniques for exam preparation?
education,How can I improve my time management skills as a student?
education,What are the benefits of online learning versus traditional classroom learning?
education,How do I choose the right college major for my career goals?
education,What scholarships are available for undergraduate students?
education,How can I develop better note-taking skills?
education,What is the importance of extracurricular activities in education?
education,How do I prepare for standardized tests like SAT or GRE?
education,What are effective ways to learn a new language?
education,How can I balance work and study commitments?
education,What are the advantages of pursuing higher education abroad?
education,How do I deal with academic stress and burnout?
education,What skills should I focus on for career readiness?
education,How can technology enhance the learning experience?
education,What are the best resources for free online courses?
education,How do I write an effective research paper?
education,What is the role of critical thinking in education?
education,How can parents support their children's education at home?
education,What are the benefits of vocational training programs?
education,How do I choose between pursuing a PhD or entering the workforce?
sports,What are the best exercises for building muscle mass?
sports,How can I improve my running endurance?
sports,What is the proper form for doing squats?
sports,How do I prevent injuries during workout sessions?
sports,What are the rules of football for beginners?
sports,How can I train for a marathon effectively?
sports,What equipment do I need to start playing tennis?
sports,How do professional athletes maintain their fitness?
sports,What are the benefits of yoga for athletes?
sports,How can I improve my basketball shooting technique?
sports,What is the best diet plan for sports performance?
sports,How do I choose the right running shoes?
sports,What are the differences between aerobic and anaerobic exercises?
sports,How can I increase my swimming speed?
sports,What stretching exercises should I do before playing sports?
sports,How do I build mental toughness in competitive sports?
sports,What are the benefits of team sports versus individual sports?
sports,How can I recover faster after intense workouts?
sports,What is the importance of rest days in training schedules?
sports,How do I get started with strength training as a beginner?
politics,What are the main differences between democracy and autocracy?
politics,How does the electoral college system work?
politics,What is the role of the United Nations in global politics?
politics,How can citizens participate effectively in local government?
politics,What are the key principles of socialism versus capitalism?
politics,How do political parties influence policy making?
politics,What is the importance of voting in a democratic society?
politics,How does lobbying affect legislative decisions?
politics,What are the checks and balances in government?
politics,How do international treaties get ratified?
politics,What is the difference between left-wing and right-wing politics?
politics,How does gerrymandering impact election outcomes?
politics,What are the main functions of the judicial branch?
politics,How do political campaigns raise and spend money?
politics,What is the role of media in shaping political opinions?
politics,How does federalism distribute power between governments?
politics,What are the causes and effects of political polarization?
politics,How do term limits affect political representation?
politics,What is the process for impeaching a government official?
politics,How do economic policies differ across political ideologies?
fashion and style,What colors look best for my skin tone?
fashion and style,How do I build a capsule wardrobe?
fashion and style,What are the essential items every wardrobe should have?
fashion and style,How can I dress professionally on a budget?
fashion and style,What accessories complement formal attire?
fashion and style,How do I choose the right fit for jeans?
fashion and style,What are the current fashion trends for this season?
fashion and style,How can I style oversized clothing fashionably?
fashion and style,What shoes should I wear with different outfit types?
fashion and style,How do I dress appropriately for different body types?
fashion and style,What is business casual dress code?
fashion and style,How can I incorporate vintage pieces into modern outfits?
fashion and style,What are sustainable fashion brands I should know about?
fashion and style,How do I care for delicate fabrics like silk?
fashion and style,What hairstyles are trending right now?
fashion and style,How can I develop my personal style identity?
fashion and style,What makeup techniques enhance natural beauty?
fashion and style,How do I choose the perfect wedding outfit?
fashion and style,What are the dos and don'ts of mixing patterns?
fashion and style,How can I organize my closet more efficiently?
Health,What are the symptoms of vitamin D deficiency?
Health,How much water should I drink daily?
Health,What are the benefits of regular exercise?
Health,How can I improve my sleep quality?
Health,What foods boost the immune system?
Health,How do I maintain a healthy work-life balance?
Health,What are the warning signs of diabetes?
Health,How can I reduce stress naturally?
Health,What is a balanced diet and how do I achieve it?
Health,How often should I get health checkups?
Health,What are the benefits of meditation for mental health?
Health,How can I lower my cholesterol levels?
Health,What exercises are best for back pain relief?
Health,How do I know if I have food allergies?
Health,What are the effects of smoking on health?
Health,How can I boost my metabolism naturally?
Health,What are the early signs of heart disease?
Health,How much sleep do adults need per night?
Health,What supplements should I take for overall health?
Health,How can I maintain good mental health?
Information and technology,What is artificial intelligence and how does it work?
Information and technology,How can I protect my data from cyber attacks?
Information and technology,What is cloud computing and what are its benefits?
Information and technology,How do I choose the best smartphone for my needs?
Information and technology,What is blockchain technology?
Information and technology,How can I improve my internet speed at home?
Information and technology,What are the differences between iOS and Android?
Information and technology,How does machine learning differ from traditional programming?
Information and technology,What is the importance of backing up data?
Information and technology,How can I learn coding as a beginner?
Information and technology,What are the best practices for creating strong passwords?
Information and technology,How does 5G technology improve mobile connectivity?
Information and technology,What is the Internet of Things?
Information and technology,How can I identify and avoid phishing scams?
Information and technology,What programming language should I learn first?
Information and technology,How does virtual reality technology work?
Information and technology,What are the benefits of using open source software?
Information and technology,How can I protect my privacy on social media?
Information and technology,What is the difference between RAM and storage?
Information and technology,How do quantum computers differ from regular computers?